<?xml version="1.0" encoding="utf-8"?> 
<!-- 
  Synopsys, Inc.
  Version G-2012.09LC-SP1 
  Project file W:\lab12\syntmp\run_option.xml
  Written on Wed Apr 11 09:43:52 2018


--> 
<project_attribute_list name="Project Settings"> 
     <option name="project_name" display_name="Project Name">lab12_top</option>
     <option name="impl_name" display_name="Implementation Name">lab12</option>
     <option name="top_module" display_name="Top Module">lab12_top</option>
     <option name="resource_sharing" display_name="Resource Sharing">1</option>
     <option name="disable_io_insertion" display_name="Disable I/O Insertion">0</option>
     <option name="symbolic_fsm_compiler" display_name="FSM Compiler">1</option>
</project_attribute_list>

